,PassengerId,Survived,Pclass,Sex,Age,SibSp,Parch,Fare,Embarked
0,-1.7325045067436449,0,3,1,-0.5646757637322461,1,0,-0.9271796882603615,644
1,-1.728611238189165,1,1,0,0.7494729905249027,1,0,1.3901372502472613,168
2,-1.7247179696346848,1,3,0,-0.2219142793787954,0,0,-0.8342708328592514,644
3,-1.7208247010802047,1,1,0,0.5133159322175651,1,0,1.108675916266105,644
4,-1.7169314325257246,0,3,1,0.5133159322175651,0,0,-0.8179142593245781,644
5,-1.7130381639712444,0,3,1,-0.05459850721511755,0,0,-0.7661672118854448,77
6,-1.7091448954167643,0,1,1,1.9529120907619824,0,0,1.0858500190107252,644
7,-1.7052516268622842,0,3,1,-2.181663307656963,3,1,0.18526695978002608,644
8,-1.7013583583078042,1,3,0,-0.13794354973268363,0,2,-0.47828621786868925,644
9,-1.697465089753324,1,2,0,-1.2924641075419132,1,0,0.5470502373097581,168
10,-1.693571821198844,1,3,0,-2.181663307656963,1,1,-0.05508009596263827,644
11,-1.6896785526443638,1,1,0,2.130303476142282,0,0,0.42114906336567487,644
12,-1.6857852840898837,0,3,1,-0.7407060532684205,0,0,-0.8179142593245781,644
13,-1.6818920155354036,0,3,1,0.8273439786950549,1,5,0.5865468430287123,644
14,-1.6779987469809234,0,3,0,-1.2924641075419132,0,0,-0.8436472240366704,644
15,-1.6741054784264435,1,2,0,2.025506360915049,0,0,-0.09955562190286656,644
16,-1.6702122098719634,0,3,1,-2.181663307656963,4,1,0.514831059890351,77
17,-1.6663189413174833,1,2,1,-0.05459850721511755,0,0,-0.31604690593119483,644
18,-1.6624256727630031,0,3,0,0.19194030166255904,1,0,0.02261121557866159,644
19,-1.658532404208523,1,3,0,-0.05459850721511755,0,0,-0.9307795720141078,168
20,-1.6546391356540429,0,2,1,0.5133159322175651,0,0,0.39989200077878556,644
21,-1.6507458670995627,1,2,1,0.4337009863790539,0,0,-0.31604690593119483,644
22,-1.6468525985450828,1,3,0,-1.1976196167172652,0,0,-0.820618716091571,77
23,-1.6429593299906027,1,1,1,-0.05459850721511755,0,0,0.7133194049915417,644
24,-1.6390660614361225,0,3,0,-1.8960009152069852,3,1,0.18526695978002608,644
25,-1.6351727928816424,1,3,0,0.7494729905249027,1,5,0.5901537793790439,644
26,-1.6312795243271623,0,3,1,-0.05459850721511755,0,0,-0.9307795720141078,168
27,-1.6273862557726821,0,1,1,-0.8300421033817629,3,2,2.554590271384055,644
28,-1.6234929872182022,1,3,0,-0.05459850721511755,0,0,-0.8403269740661444,77
29,-1.619599718663722,0,3,1,-0.05459850721511755,0,0,-0.8381279966586469,644
30,-1.615706450109242,0,1,1,0.9048128553465931,0,0,0.4648872365868579,168
31,-1.6118131815547618,1,1,0,-0.05459850721511755,1,0,2.049771355089795,168
32,-1.6079199130002817,1,3,0,-0.05459850721511755,0,0,-0.8575978201076603,77
33,-1.6040266444458016,0,2,1,2.130303476142282,0,0,-0.5396528291993712,644
34,-1.6001333758913214,0,1,1,-0.05459850721511755,1,0,1.5235608754983527,168
35,-1.5962401073368415,0,1,1,1.058591845741272,1,0,1.0884150654185973,644
36,-1.5923468387823614,1,3,1,-0.05459850721511755,0,0,-0.9301739521392551,168
37,-1.5884535702278813,0,3,1,-0.6522676629811134,0,0,-0.8179142593245781,644
38,-1.5845603016734011,0,3,0,-0.9203329512646492,2,0,0.02261121557866159,644
39,-1.580667033118921,1,3,0,-1.2924641075419132,1,0,-0.46813560571593255,168
40,-1.5767737645644408,0,3,0,0.9048128553465931,1,0,-0.6472993558911323,644
41,-1.5728804960099607,0,2,0,-0.13794354973268363,1,0,0.18160329342395237,644
42,-1.5689872274554808,0,3,1,-0.05459850721511755,0,0,-0.8381279966586469,168
43,-1.5650939589010007,1,2,0,-2.181663307656963,1,2,0.8699204274955586,168
44,-1.5612006903465205,1,3,0,-0.8300421033817629,0,0,-0.8403269740661444,77
45,-1.5573074217920404,0,3,1,-0.05459850721511755,0,0,-0.8179142593245781,644
46,-1.5534141532375603,0,3,1,-0.05459850721511755,1,0,-0.1325738408718942,77
47,-1.5495208846830801,1,3,0,-0.05459850721511755,0,0,-0.8575978201076603,77
48,-1.5456276161286,0,3,1,-0.05459850721511755,2,0,0.21429175451685065,168
49,-1.54173434757412,0,3,0,-0.9203329512646492,1,0,0.011045719741580692,644
50,-1.53784107901964,0,3,1,-2.0043613621926446,4,1,0.823971034262301,644
51,-1.5339478104651598,0,3,1,-0.6522676629811134,0,0,-0.8508810306143647,644
52,-1.5300545419106797,1,1,0,1.5857341975532733,1,0,1.4594437700189682,168
53,-1.5261612733561996,1,2,0,0.02814762045017206,1,0,0.39989200077878556,644
54,-1.5222680048017194,0,1,1,2.130303476142282,0,1,1.2572966360087015,168
55,-1.5183747362472393,1,1,1,-0.05459850721511755,0,0,0.7133194049915417,644
56,-1.5144814676927594,1,2,0,-0.6522676629811134,0,0,-0.5396528291993712,644
57,-1.5105881991382792,0,3,1,-0.013152170434106419,0,0,-0.9301739521392551,168
58,-1.506694930583799,1,2,0,-2.181663307656963,1,2,0.46595290249120913,644
59,-1.502801662029319,0,3,1,-1.5858098459471621,5,2,0.9880238835689437,644
60,-1.4989083934748388,0,3,1,-0.5646757637322461,0,0,-0.9301739521392551,168
62,-1.4872285878113987,0,1,1,-2.181663307656963,1,0,0.47140853637512475,644
63,-1.4833353192569185,0,3,1,-0.05459850721511755,3,2,0.4648872365868579,644
64,-1.4794420507024384,0,1,1,-0.05459850721511755,0,0,-0.1497844435478599,168
65,-1.4755487821479583,1,3,1,0.02814762045017206,1,1,-0.5396528291993712,168
66,-1.4716555135934781,1,2,0,-0.8300421033817629,0,0,-0.80394234075594,644
67,-1.467762245038998,0,3,1,-1.0116427737515061,0,0,-0.8342708328592514,644
68,-1.463868976484518,1,3,0,-0.2219142793787954,4,2,-0.7412002080663246,644
69,-1.459975707930038,0,3,1,0.2730310992054048,2,0,-0.5396528291993712,644
70,-1.4560824393755578,0,2,1,-1.1040441229397915,0,0,0.9880238835689437,644
71,-1.4521891708210777,0,3,0,-0.6522676629811134,5,2,1.4190182192117025,644
72,-1.4482959022665975,0,2,1,-0.2219142793787954,0,0,-0.2053372772421093,644
73,-1.4444026337121174,0,3,1,0.2730310992054048,1,0,1.1684792416255743,168
74,-1.4405093651576373,1,3,1,-0.30653974612032875,0,0,-0.8711588050022243,644
75,-1.4366160966031574,0,3,1,-0.05459850721511755,0,0,-0.8381279966586469,644
76,-1.4327228280486772,0,3,1,-0.05459850721511755,0,0,-0.8179142593245781,644
77,-1.428829559494197,0,3,1,-2.181663307656963,0,0,0.5104898753140343,644
78,-1.424936290939717,1,2,1,0.11031957865380726,0,2,-0.3591552839370397,644
79,-1.4210430223852368,1,3,0,-0.5646757637322461,0,0,-0.7011793893041736,644
80,-1.4171497538307567,0,3,1,0.02814762045017206,0,0,-0.6445383092459747,644
81,-1.4132564852762766,1,3,1,-0.05459850721511755,0,0,-0.8525562901933136,644
82,-1.4093632167217967,1,3,0,-0.05459850721511755,0,0,0.9921780164372099,77
83,-1.4054699481673165,0,1,1,-1.0116427737515061,0,0,-0.5396528291993712,644
84,-1.4015766796128364,1,2,0,0.3536118186163779,0,0,-0.10934786494953111,644
85,-1.3976834110583563,1,3,0,-1.1040441229397915,3,0,0.6812030334391856,644
86,-1.3937901425038761,0,3,1,-0.05459850721511755,1,3,-0.8179142593245781,644
87,-1.389896873949396,0,3,1,-0.4778842898972481,0,0,2.554590271384055,644
88,-1.386003605394916,1,1,0,-0.39185157079407557,3,2,-0.8179142593245781,644
89,-1.382110336840436,0,3,1,0.02814762045017206,0,0,-0.8179142593245781,644
90,-1.3782170682859558,0,3,1,-0.7407060532684205,0,0,-0.8436472240366704,644
91,-1.3743237997314757,0,3,1,1.361814224250622,0,0,1.2448143734819728,644
92,-1.3704305311769955,0,1,1,-0.2219142793787954,1,0,0.16057992391021958,644
93,-1.3665372626225154,0,3,1,2.130303476142282,1,2,-0.9271796882603615,644
94,-1.3626439940680353,0,3,1,-0.05459850721511755,0,0,-0.8179142593245781,644
95,-1.3587507255135554,0,3,1,2.130303476142282,0,0,0.6892772194556264,644
96,-1.3548574569590752,0,1,1,-0.4778842898972481,0,0,1.2782998821241627,168
97,-1.350964188404595,1,1,1,0.4337009863790539,0,1,0.274886679762379,168
98,-1.347070919850115,1,2,0,0.4337009863790539,0,1,0.39989200077878556,644
99,-1.3431776512956348,0,2,1,-0.05459850721511755,1,0,-0.8381279966586469,644
100,-1.3392843827411547,0,3,0,-0.05459850721511755,0,0,-0.8381279966586469,644
101,-1.3353911141866746,0,3,1,-0.6522676629811134,0,0,1.4662456733195626,644
102,-1.3314978456321946,0,1,1,0.3536118186163779,0,1,-0.7422036830073374,644
103,-1.3276045770777145,0,3,1,0.6711871358575587,0,0,-0.8342708328592514,644
104,-1.3237113085232344,0,3,1,-0.05459850721511755,2,0,-0.8381279966586469,644
105,-1.3198180399687542,0,3,1,-0.6522676629811134,0,0,-0.8711588050022243,644
106,-1.315924771414274,1,3,0,-0.05459850721511755,0,0,-0.8542341697371912,644
107,-1.312031502859794,1,3,1,0.7494729905249027,0,0,-0.8381279966586469,644
108,-1.3081382343053138,0,3,1,-0.05459850721511755,0,0,0.3247345477668938,644
109,-1.304244965750834,1,3,0,1.4367728560651947,1,0,1.0884150654185973,77
110,-1.3003516971963538,0,1,1,-1.2448767595274375,0,0,-0.2053372772421093,644
111,-1.2964584286418737,0,3,0,-0.5646757637322461,1,0,-0.8179142593245781,168
112,-1.2925651600873935,0,3,1,-0.7407060532684205,0,0,-0.6092882299987726,644
113,-1.2886718915329134,0,3,0,-1.0116427737515061,1,0,-0.20504155617562644,644
114,-1.2847786229784333,0,3,0,-0.6522676629811134,0,0,-0.8342708328592514,168
115,-1.2808853544239531,0,3,1,2.130303476142282,0,0,-0.8575978201076603,644
116,-1.2769920858694732,0,3,1,0.02814762045017206,0,0,0.18160329342395237,77
117,-1.273098817314993,0,2,1,-0.39185157079407557,1,0,2.503515795837185,644
118,-1.269205548760513,0,1,1,-2.181663307656963,0,1,0.5865468430287123,168
119,-1.2653122802060328,0,3,0,-0.6522676629811134,4,2,1.4190182192117025,644
120,-1.2614190116515527,0,2,1,-0.05459850721511755,2,0,-0.8179142593245781,644
121,-1.2575257430970725,0,3,1,0.3133840313472857,0,0,0.5470502373097581,644
122,-1.2536324745425926,0,2,1,0.3133840313472857,1,0,-0.31604690593119483,168
123,-1.2497392059881125,1,2,0,1.9529120907619824,0,0,1.4662456733195626,644
124,-1.2458459374336324,0,1,1,-1.4864185481702215,0,1,-0.46813560571593255,644
125,-1.2419526688791522,1,3,1,-0.05459850721511755,1,0,-0.8575978201076603,168
126,-1.238059400324672,0,3,1,-0.39185157079407557,0,0,-0.9428617172918692,77
127,-1.234166131770192,1,3,1,-0.05459850721511755,0,0,0.24591743304972297,644
128,-1.2302728632157118,1,3,0,1.2865258599788896,1,1,-0.9674536207957061,168
129,-1.226379594661232,0,3,1,0.3536118186163779,0,0,-0.8381279966586469,644
130,-1.2224863261067518,0,3,1,-0.7407060532684205,0,0,-0.9563202680800045,168
131,-1.2185930575522717,0,3,1,1.4367728560651947,0,0,-0.2020387423518167,644
132,-1.2146997889977915,0,3,0,0.02814762045017206,1,0,0.39989200077878556,644
133,-1.2108065204433114,1,2,0,-0.30653974612032875,1,0,-0.31604690593119483,644
134,-1.2069132518888313,0,2,1,-0.4778842898972481,0,0,-0.16353470209508514,644
135,-1.2030199833343511,0,2,1,-0.8300421033817629,0,0,0.4109001179909793,168
136,-1.1991267147798712,1,1,0,0.6711871358575587,0,2,1.108675916266105,644
137,-1.195233446225391,0,1,1,-1.1040441229397915,1,0,-0.6762575757435917,644
138,-1.191340177670911,0,3,1,-0.39185157079407557,0,0,1.4891485401935174,644
139,-1.1874469091164308,0,1,1,-0.05459850721511755,0,0,-0.1497844435478599,168
140,-1.1835536405619507,0,3,0,-0.5646757637322461,0,2,-0.8575978201076603,168
141,-1.1796603720074705,1,3,0,-0.39185157079407557,0,0,-0.10934786494953111,644
142,-1.1757671034529904,1,3,0,-0.8300421033817629,1,0,-1.0015567435927377,644
143,-1.1718738348985105,0,3,1,-0.9203329512646492,0,0,-0.4443410229513142,77
144,-1.1679805663440304,0,2,1,-0.8300421033817629,0,0,0.747752817002643,644
145,-1.1640872977895502,0,2,1,-0.13794354973268363,1,1,-0.8514436260541296,644
146,-1.16019402923507,1,3,1,-1.7903485093806364,0,0,0.6812030334391856,644
147,-1.15630076068059,0,3,0,0.6318844412682757,2,2,0.39989200077878556,644
148,-1.1524074921261098,0,2,1,1.058591845741272,0,2,-0.31604690593119483,644
149,-1.1485142235716297,0,2,1,1.7334727306284228,0,0,-0.354970890215481,644
150,-1.1446209550171498,0,2,1,-0.5646757637322461,0,0,1.325782897993855,644
151,-1.1407276864626696,1,1,0,2.0617033858125593,1,0,-0.8179142593245781,644
152,-1.1368344179081895,0,3,1,0.9434002946888733,0,0,-0.2020387423518167,644
153,-1.1329411493537094,0,3,1,-0.05459850721511755,0,2,-0.9182321565836733,644
154,-1.1290478807992292,0,3,1,1.7334727306284228,0,0,1.2480005609082385,644
155,-1.125154612244749,0,1,1,-1.1040441229397915,0,1,-0.8598506257495407,168
156,-1.1212613436902692,1,3,0,0.11031957865380726,0,0,-0.8179142593245781,77
157,-1.117368075135789,0,3,1,-0.05459850721511755,0,0,-0.7412002080663246,644
158,-1.113474806581309,0,3,1,-0.05459850721511755,0,0,1.3668681236129276,644
159,-1.1095815380268288,0,3,1,1.2108989353375896,8,2,-0.09308004648401555,644
160,-1.1056882694723487,0,3,1,0.9048128553465931,0,1,-0.1159293798513041,644
161,-1.1017950009178685,1,2,0,-0.2219142793787954,0,0,-0.8542341697371912,644
162,-1.0979017323633884,0,3,1,-1.0116427737515061,0,0,-0.7412002080663246,644
163,-1.0940084638089085,0,3,1,-2.181663307656963,0,0,0.823971034262301,644
164,-1.0901151952544283,0,3,1,-1.7903485093806364,4,1,0.15807671500445608,644
165,-1.0862219266999482,1,3,1,-0.05459850721511755,0,2,1.1426282926269704,644
166,-1.082328658145468,1,1,0,1.2865258599788896,0,1,0.47140853637512475,644
167,-1.078435389590988,0,3,0,-0.05459850721511755,1,4,0.3969564938810932,644
168,-1.0745421210365078,0,1,1,-0.05459850721511755,0,0,1.1684792416255743,644
169,-1.0706488524820277,0,3,1,2.130303476142282,0,0,0.6554379565535629,644
170,-1.0667555839275478,0,1,1,-2.181663307656963,0,0,0.514831059890351,644
171,-1.0628623153730676,0,3,1,-2.181663307656963,4,1,-0.47828621786868925,77
172,-1.0589690468185875,1,3,0,-0.6522676629811134,1,1,-0.8342708328592514,644
173,-1.0550757782641074,0,3,1,2.0978346345929557,0,0,0.5677554575374022,644
174,-1.0511825097096272,0,1,1,-0.9203329512646492,0,0,-0.8436472240366704,168
175,-1.047289241155147,0,3,1,-0.05459850721511755,1,1,0.37882115984050546,644
176,-1.043395972600667,0,3,1,1.6597526067341954,3,1,0.5004292774986807,644
177,-1.039502704046187,0,1,0,0.11031957865380726,0,0,-0.31604690593119483,168
178,-1.035609435491707,0,2,1,0.5924728983228356,0,0,-2.9618271259259408,644
179,-1.0317161669372268,0,3,1,-0.05459850721511755,0,0,1.3668681236129276,644
180,-1.0278228983827467,0,3,0,-0.05459850721511755,8,2,-0.16324401517704934,644
181,-1.0239296298282665,0,2,1,-1.7903485093806364,0,0,0.5901537793790439,168
182,-1.0200363612737864,0,3,1,-2.181663307656963,4,2,0.8066872715647131,644
183,-1.0161430927193065,1,2,1,-2.181663307656963,2,1,0.23052371700179988,644
184,-1.0122498241648263,1,3,0,-0.05459850721511755,0,2,1.0503652410516304,644
185,-1.0083565556103462,0,1,1,-0.05459850721511755,0,0,-0.1325738408718942,644
186,-1.004463287055866,1,3,0,1.2865258599788896,1,0,0.42114906336567487,77
187,-1.000570018501386,1,1,1,0.9048128553465931,0,0,-0.1325738408718942,644
188,-0.9966767499469058,0,3,1,0.5924728983228356,1,1,-0.8381279966586469,77
189,-0.9927834813924258,0,3,1,0.2730310992054048,0,0,-0.31604690593119483,644
190,-0.9888902128379456,1,2,0,-0.8300421033817629,0,0,-0.31604690593119483,644
191,-0.9849969442834655,0,2,1,-0.8300421033817629,0,0,-0.8436472240366704,644
192,-0.9811036757289855,1,3,0,-2.181663307656963,1,0,0.39989200077878556,644
193,-0.9772104071745054,1,2,1,1.2108989353375896,1,1,0.4648872365868579,644
194,-0.9733171386200252,1,1,0,2.130303476142282,0,0,2.049771355089795,168
195,-0.9694238700655452,1,1,0,-0.05459850721511755,0,0,-0.8575978201076603,168
196,-0.9655306015110651,0,3,1,1.058591845741272,0,0,-0.772881181244998,77
197,-0.9616373329565849,0,3,1,-0.05459850721511755,0,1,-0.8575978201076603,644
198,-0.9577440644021048,1,3,0,-0.39185157079407557,0,0,-0.31604690593119483,77
199,-0.9538507958476248,0,2,0,-0.05459850721511755,0,0,-0.6445383092459747,644
200,-0.9499575272931446,0,3,1,-0.05459850721511755,0,0,1.3668681236129276,644
201,-0.9460642587386645,0,3,1,0.4337009863790539,8,2,-1.0414192601277952,644
202,-0.9421709901841845,0,3,1,1.3242118004025285,0,0,-0.9307795720141078,644
203,-0.9382777216297044,0,3,1,-0.9203329512646492,0,0,-0.8179142593245781,168
204,-0.9343844530752242,1,3,1,-2.181663307656963,0,0,-0.54340232075698,644
205,-0.9304911845207442,0,3,0,0.2730310992054048,0,1,-0.10934786494953111,644
206,-0.9265979159662641,0,3,1,-0.2219142793787954,1,0,0.06688482618056127,644
207,-0.9227046474117839,1,3,1,-1.1040441229397915,0,0,-0.8575978201076603,168
208,-0.9188113788573038,1,3,0,0.9048128553465931,0,0,0.5776714228528822,77
209,-0.9149181103028238,1,1,1,-0.39185157079407557,0,0,-0.9563202680800045,168
210,-0.9110248417483436,0,3,1,0.5133159322175651,0,0,0.18160329342395237,644
211,-0.9071315731938635,1,2,0,-0.5646757637322461,0,0,-0.9271796882603615,644
212,-0.9032383046393835,0,3,1,0.11031957865380726,0,0,-0.31604690593119483,644
213,-0.8993450360849033,0,2,1,-0.05459850721511755,0,0,-0.8575978201076603,644
214,-0.8954517675304232,0,3,1,0.19194030166255904,1,0,1.818959581484474,77
215,-0.8915584989759431,1,1,0,-0.13794354973268363,1,0,-0.8342708328592514,168
216,-0.8876652304214631,1,3,0,1.058591845741272,0,0,0.43819732405169837,644
217,-0.8837719618669829,0,2,1,0.2730310992054048,1,0,1.454075986096165,644
218,-0.8798786933125028,1,1,0,0.11031957865380726,0,0,-0.5396528291993712,168
219,-0.8759854247580228,0,2,1,-1.1040441229397915,0,0,-0.8179142593245781,644
220,-0.8720921562035426,1,3,1,-0.13794354973268363,0,0,-0.31604690593119483,644
221,-0.8681988876490625,0,2,1,1.7334727306284228,0,0,-0.8179142593245781,644
222,-0.8643056190945825,0,3,1,-0.05459850721511755,0,0,-0.8381279966586469,644
223,-0.8604123505401023,0,3,1,0.7494729905249027,0,0,1.6081469901488648,644
224,-0.8565190819856222,1,1,1,-0.5646757637322461,1,0,-0.6612140521952602,644
225,-0.8526258134311421,0,3,1,-0.8300421033817629,0,0,-0.5396528291993712,644
226,-0.848732544876662,1,2,1,-0.6963779775817529,0,0,-0.9271796882603615,644
227,-0.8448392763221819,0,3,1,-0.9203329512646492,0,0,-0.31604690593119483,644
228,-0.8409460077677018,0,2,1,-0.05459850721511755,0,0,0.37882115984050546,644
229,-0.8370527392132218,0,3,0,0.5133159322175651,3,1,1.5382439085131345,644
230,-0.8331594706587416,1,1,0,0.02814762045017206,1,0,-0.8542341697371912,644
231,-0.8292662021042615,0,3,1,2.130303476142282,0,0,-0.27661138063832236,644
232,-0.8253729335497814,0,2,1,-2.181663307656963,0,0,0.5901537793790439,644
233,-0.8214796649953013,1,3,0,-0.39185157079407557,4,2,-0.5396528291993712,644
234,-0.8175863964408212,0,2,1,-0.05459850721511755,0,0,-0.8848931224135542,644
235,-0.8136931278863411,0,3,0,1.2108989353375896,0,0,0.39989200077878556,644
236,-0.809799859331861,0,2,1,-1.8960009152069852,1,0,0.4096127165924227,644
237,-0.8059065907773809,1,2,0,-0.8300421033817629,0,2,-0.5396528291993712,644
238,-0.8020133222229008,0,2,1,0.3536118186163779,0,0,-0.37606512406096304,644
239,-0.7981200536684208,0,2,1,-0.05459850721511755,0,0,-0.2053372772421093,644
240,-0.7942267851139406,0,3,0,-0.05459850721511755,1,0,-0.1325738408718942,168
241,-0.7903335165594605,1,3,0,0.02814762045017206,1,0,-0.5396528291993712,77
242,-0.7864402480049804,0,2,1,-0.5646757637322461,0,0,-0.9453002883235161,644
243,-0.7825469794505003,0,3,1,0.11031957865380726,0,0,-0.9307795720141078,644
244,-0.7786537108960202,0,3,1,1.2108989353375896,0,0,1.6081469901488648,168
245,-0.7747604423415401,0,1,1,-0.30653974612032875,2,0,-0.8542341697371912,77
246,-0.77086717378706,0,3,0,-0.39185157079407557,0,0,-0.2020387423518167,644
247,-0.7669739052325799,1,2,0,0.6711871358575587,0,2,1.098679996747035,644
248,-0.7630806366780998,1,1,1,1.9529120907619824,1,1,0.39989200077878556,644
249,-0.7591873681236196,0,2,1,-0.05459850721511755,1,0,-0.9271796882603615,644
250,-0.7552940995691396,0,3,1,0.02814762045017206,0,0,-0.54340232075698,644
251,-0.7514008310146595,0,3,0,2.130303476142282,1,1,0.42114906336567487,644
252,-0.7475075624601794,0,1,1,0.11031957865380726,0,0,-0.09308004648401555,644
253,-0.7436142939056993,0,3,1,0.9818916748851382,1,0,0.14228549990096848,644
254,-0.7397210253512192,0,3,0,0.02814762045017206,0,2,-0.1497844435478599,644
255,-0.7358277567967391,1,3,0,-0.05459850721511755,0,2,1.4891485401935174,168
256,-0.731934488242259,1,1,0,0.11031957865380726,0,0,1.5713626929105482,168
257,-0.7280412196877789,1,1,0,0.5133159322175651,0,0,2.701370552120175,644
258,-0.7241479511332988,1,1,0,1.6597526067341954,0,0,0.39989200077878556,168
259,-0.7202546825788186,1,2,0,-0.05459850721511755,0,1,-0.8575978201076603,644
260,-0.7163614140243386,0,3,1,-2.181663307656963,0,0,0.5901537793790439,77
261,-0.7124681454698585,1,3,1,1.8069015857569304,4,2,1.4944502803096387,644
262,-0.7085748769153783,0,1,1,0.9048128553465931,1,1,-2.9618271259259408,644
263,-0.7046816083608983,0,1,1,-0.05459850721511755,0,0,-0.8575978201076603,644
264,-0.7007883398064182,0,3,0,0.5924728983228356,0,0,-0.5396528291993712,77
265,-0.6968950712519381,0,2,1,-1.1040441229397915,0,0,0.823971034262301,644
266,-0.693001802697458,0,3,1,-0.30653974612032875,4,1,-0.8542341697371912,644
267,-0.6891085341429779,1,3,1,2.130303476142282,1,0,2.0907191824661546,644
268,-0.6852152655884978,1,1,0,0.5133159322175651,0,1,1.9810828076296687,644
269,-0.6813219970340176,1,1,0,-0.05459850721511755,0,0,0.5776714228528822,644
270,-0.6774287284795376,0,1,1,-0.30653974612032875,0,0,-2.9618271259259408,644
271,-0.6735354599250575,1,3,1,0.9818916748851382,0,0,0.10530503966366646,644
272,-0.6696421913705773,1,2,0,0.6711871358575587,0,1,0.5345488262166327,644
273,-0.6657489228160973,0,1,1,-0.05459850721511755,0,1,-0.8575978201076603,168
274,-0.6618556542616172,1,3,0,2.130303476142282,0,0,1.4743480583603512,77
275,-0.657962385707137,1,1,0,1.2865258599788896,1,0,-0.8575978201076603,644
276,-0.6540691171526569,0,3,0,-0.05459850721511755,0,0,-2.9618271259259408,644
277,-0.6501758485981769,0,2,1,-2.0043613621926446,0,0,0.514831059890351,644
278,-0.6462825800436968,0,3,1,0.5133159322175651,4,1,0.14419389333251859,77
279,-0.6423893114892166,1,3,0,2.130303476142282,1,1,-0.8575978201076603,644
280,-0.6384960429347366,0,3,1,-0.05459850721511755,0,0,-0.8436472240366704,77
281,-0.6346027743802565,0,3,1,-1.1040441229397915,0,0,-0.6445383092459747,644
282,-0.6307095058257763,0,3,1,-0.8300421033817629,0,0,-0.8179142593245781,644
283,-0.6268162372712963,1,3,1,-0.05459850721511755,0,0,0.39989200077878556,644
284,-0.6229229687168162,0,1,1,0.3536118186163779,0,0,-0.7412002080663246,644
285,-0.619029700162336,0,3,1,0.11031957865380726,0,0,-0.6445383092459747,168
286,-0.6151364316078559,1,3,1,-0.5646757637322461,0,0,-0.8381279966586469,644
287,-0.6112431630533759,0,3,1,1.058591845741272,0,0,-0.31604690593119483,644
288,-0.6073498944988958,1,2,1,-0.5646757637322461,0,0,-0.8575978201076603,644
289,-0.6034566259444156,1,3,0,-0.2219142793787954,0,0,1.4850023206512304,77
290,-0.5995633573899356,1,1,0,-0.8300421033817629,0,0,1.6191764137131486,644
291,-0.5956700888354555,1,1,0,0.5924728983228356,1,0,-0.32614777799686817,168
292,-0.5917768202809753,0,2,1,-0.39185157079407557,0,0,-0.7187803241818406,168
293,-0.5878835517264952,0,3,0,-0.39185157079407557,0,0,-0.8381279966586469,644
294,-0.5839902831720152,0,3,1,-0.05459850721511755,0,0,0.4648872365868579,644
295,-0.580097014617535,0,1,1,-0.4347755354516246,0,0,-0.9301739521392551,168
296,-0.5762037460630549,0,3,1,-2.181663307656963,0,0,2.0796426319138552,168
297,-0.5723104775085749,0,1,0,-0.05459850721511755,1,2,0.561317527858876,644
298,-0.5684172089540948,1,1,1,1.6597526067341954,0,0,2.503515795837185,644
299,-0.5645239403996146,1,1,0,-0.05459850721511755,0,1,-0.8575978201076603,168
300,-0.5606306718451346,1,3,0,-0.05459850721511755,0,0,0.2859432195669514,77
301,-0.5567374032906545,1,3,1,-0.8300421033817629,2,0,-2.9618271259259408,77
302,-0.5528441347361743,0,3,1,-0.05459850721511755,0,0,-0.3696913384719465,644
303,-0.5489508661816942,1,2,0,-0.05459850721511755,0,0,-0.8179142593245781,77
304,-0.5450575976272142,0,3,1,-2.181663307656963,0,0,2.0796426319138552,644
305,-0.541164329072734,1,1,1,-0.05459850721511755,1,2,1.799579727876578,644
306,-0.5372710605182539,1,1,0,-1.0116427737515061,0,0,1.783160722768349,168
307,-0.5333777919637739,1,1,0,0.11031957865380726,1,0,0.31837625612381887,168
308,-0.5294845234092938,0,2,1,0.11031957865380726,1,0,1.1758315476439922,168
309,-0.5255912548548136,1,1,0,-0.39185157079407557,0,0,1.5347014233237541,168
310,-0.5216979863003335,1,1,0,-0.9203329512646492,0,0,2.55259247035665,168
311,-0.5178047177458535,1,1,0,-0.2219142793787954,2,2,0.39989200077878556,168
312,-0.5139114491913733,0,2,0,-0.05459850721511755,1,1,-0.8381279966586469,644
313,-0.5100181806368932,0,3,1,1.13492417951679,0,0,0.4096127165924227,644
314,-0.5061249120824132,0,2,1,-0.2219142793787954,1,1,-0.8436472240366704,644
315,-0.502231643527933,1,3,0,-0.39185157079407557,0,0,0.39989200077878556,644
316,-0.4983383749734529,1,2,0,1.9529120907619824,1,0,-0.2386422458682816,644
317,-0.4944451064189728,0,2,1,0.19194030166255904,0,0,2.1537880239041813,644
318,-0.49055183786449275,1,1,0,0.9048128553465931,0,2,1.9735893632507748,644
319,-0.4866585693100126,1,1,0,-0.5646757637322461,1,1,-0.9271796882603615,168
320,-0.48276530075553253,0,3,1,-0.13794354973268363,0,0,-0.8381279966586469,644
321,-0.4788720322010524,0,3,1,0.11031957865380726,0,0,-0.3696913384719465,644
322,-0.4749787636465723,1,2,0,-0.5646757637322461,0,0,0.5104898753140343,77
323,-0.47108549509209224,1,2,0,-0.05459850721511755,1,1,1.3668681236129276,644
324,-0.4671922265376121,0,3,1,0.5924728983228356,8,2,1.9810828076296687,644
325,-0.46329895798313203,1,1,0,2.130303476142282,0,0,-1.0834756986446925,168
326,-0.4594056894286519,0,3,1,0.5924728983228356,0,0,-0.31604690593119483,644
327,-0.4555124208741718,1,2,0,0.19194030166255904,0,0,0.15807671500445608,644
328,-0.45161915231969174,1,3,0,-1.1040441229397915,1,1,1.193396321810384,644
329,-0.4477258837652116,1,1,0,-0.05459850721511755,0,1,0.2859432195669514,168
330,-0.44383261521073153,1,3,0,1.3242118004025285,2,0,0.4929242033633194,77
331,-0.4399393466562514,0,1,1,0.7494729905249027,0,0,2.0907191824661546,644
332,-0.4360460781017713,0,1,1,-1.1040441229397915,0,1,0.02261121557866159,644
333,-0.43215280954729124,0,3,1,-0.05459850721511755,2,0,1.9679237863475296,644
334,-0.4282595409928111,1,1,0,-0.05459850721511755,1,0,-0.8381279966586469,644
335,-0.424366272438331,0,3,1,0.02814762045017206,0,0,1.325782897993855,644
336,-0.4204730038838509,0,1,1,0.9818916748851382,1,0,1.9735893632507748,644
337,-0.4165797353293708,1,1,0,1.2865258599788896,0,0,-0.8179142593245781,168
338,-0.4126864667748907,1,3,1,1.2865258599788896,0,0,0.7133194049915417,644
339,-0.4087931982204106,0,1,1,-2.181663307656963,0,0,0.39989200077878556,644
340,-0.4048999296659305,1,2,1,-0.39185157079407557,1,1,2.554590271384055,644
341,-0.4010066611114504,1,1,0,-0.05459850721511755,3,2,-0.31604690593119483,644
342,-0.3971133925569703,0,2,1,-0.30653974612032875,0,0,-0.31604690593119483,644
343,-0.3932201240024902,0,2,1,0.5924728983228356,0,0,-0.31604690593119483,644
344,-0.3893268554480101,0,2,1,-0.39185157079407557,0,0,-0.31604690593119483,644
345,-0.38543358689353,1,2,0,0.9048128553465931,0,0,-0.31604690593119483,644
346,-0.3815403183390499,1,2,0,-0.05459850721511755,0,0,-0.09308004648401555,644
347,-0.3776470497845698,1,3,0,-2.181663307656963,1,0,-0.10607317964108673,644
348,-0.3737537812300897,1,3,1,1.058591845741272,1,1,-0.7412002080663246,644
349,-0.3698605126756096,0,3,1,-0.4778842898972481,0,0,-0.675314603050107,644
350,-0.3659672441211295,0,3,1,-0.05459850721511755,0,0,0.6991816579710243,644
351,-0.3620739755666494,0,1,1,-1.1976196167172652,0,0,-0.9301739521392551,644
352,-0.3581807070121693,0,3,1,-0.30653974612032875,1,1,0.011045719741580692,168
353,-0.3542874384576892,0,3,1,-0.05459850721511755,1,0,-0.9307795720141078,644
354,-0.3503941699032091,0,3,1,-0.05459850721511755,0,0,-0.6445383092459747,168
355,-0.346500901348729,0,3,1,-0.5646757637322461,0,0,1.1426282926269704,644
356,-0.3426076327942489,1,1,0,0.7494729905249027,0,1,-0.31604690593119483,644
357,-0.3387143642397688,0,2,0,-0.05459850721511755,0,0,-0.8403269740661444,644
358,-0.33482109568528867,1,3,0,-0.05459850721511755,0,0,-0.8403269740661444,77
359,-0.3309278271308086,1,3,0,0.9048128553465931,0,0,0.47140853637512475,77
360,-0.32703455857632846,0,3,1,0.02814762045017206,1,4,0.4648872365868579,644
361,-0.3231412900218484,0,2,1,1.2865258599788896,1,0,-0.2053372772421093,168
362,-0.3192480214673683,0,3,0,0.5133159322175651,0,1,-0.9563202680800045,168
363,-0.31535475291288817,0,3,1,-0.05459850721511755,0,0,-0.1325738408718942,644
364,-0.3114614843584081,0,3,1,0.11031957865380726,1,0,-0.9271796882603615,77
365,-0.30756821580392796,0,3,1,2.130303476142282,0,0,1.4411596200584673,644
366,-0.3036749472494479,1,1,0,-0.05459850721511755,1,0,-0.9301739521392551,168
367,-0.2997816786949678,1,3,0,-0.05459850721511755,0,0,-0.8575978201076603,168
368,-0.29588841014048767,1,3,0,-0.39185157079407557,0,0,1.3634601711940006,77
369,-0.2919951415860076,1,1,0,-0.30653974612032875,0,0,1.1503400932687677,168
370,-0.28810187303152746,1,1,1,-0.9203329512646492,1,0,-1.0414192601277952,168
371,-0.2842086044770474,0,3,1,-0.8300421033817629,1,0,-0.8179142593245781,644
372,-0.2803153359225673,0,3,1,-0.5646757637322461,0,0,1.9810828076296687,644
373,-0.27642206736808717,0,1,1,-2.181663307656963,0,0,0.18526695978002608,168
374,-0.2725287988136071,0,3,0,-0.05459850721511755,3,1,1.5235608754983527,644
375,-0.26863553025912695,1,1,0,-0.5646757637322461,1,0,-0.9271796882603615,168
376,-0.2647422617046469,1,3,0,-0.13794354973268363,0,0,2.369732336469714,644
377,-0.26084899315016674,0,1,1,-0.7407060532684205,0,2,-1.5328829937622919,168
378,-0.25695572459568666,0,3,1,-0.8300421033817629,0,0,-0.8542341697371912,168
379,-0.2530624560412066,0,3,1,1.058591845741272,0,0,2.4321060567491695,644
380,-0.24916918748672645,1,1,0,-2.181663307656963,0,0,-0.1164775845919023,168
381,-0.24527591893224637,1,3,0,0.2730310992054048,0,2,-0.8342708328592514,168
382,-0.24138265037776627,0,3,1,0.5133159322175651,0,0,1.0884150654185973,644
383,-0.23748938182328616,1,1,0,-0.05459850721511755,1,0,-0.8381279966586469,644
384,-0.23359611326880605,0,3,1,-0.9203329512646492,0,0,1.4190182192117025,644
385,-0.22970284471432595,0,2,1,-2.181663307656963,0,0,0.9880238835689437,644
386,-0.22580957615984587,0,3,1,0.5924728983228356,5,2,-0.31604690593119483,644
387,-0.22191630760536576,1,2,0,-0.05459850721511755,0,0,-0.8604044333603483,644
388,-0.21802303905088566,0,3,1,-1.0116427737515061,0,0,-0.3997788184851145,77
389,-0.21412977049640555,1,2,0,0.5924728983228356,0,0,1.871150953076331,168
390,-0.21023650194192545,1,1,1,-0.6522676629811134,1,2,-0.8514436260541296,644
391,-0.20634323338744534,1,3,1,-0.05459850721511755,0,0,-0.8342708328592514,644
392,-0.20244996483296526,0,3,1,-0.4778842898972481,2,0,1.818959581484474,644
393,-0.19855669627848516,1,1,0,-0.39185157079407557,1,0,-0.05508009596263827,168
394,-0.19466342772400505,1,3,0,-0.5646757637322461,0,2,-0.8514436260541296,644
395,-0.19077015916952494,0,3,1,0.19194030166255904,0,0,-0.8436472240366704,644
396,-0.18687689061504484,0,3,0,1.361814224250622,0,0,0.39989200077878556,644
397,-0.18298362206056476,0,2,1,-0.4778842898972481,0,0,-0.5396528291993712,644
398,-0.17909035350608465,0,2,1,-0.05459850721511755,0,0,-0.34458381816344613,644
399,-0.17519708495160455,1,2,0,0.8273439786950549,0,0,-0.8342708328592514,644
400,-0.17130381639712444,1,3,1,-0.2219142793787954,0,0,-0.8179142593245781,644
401,-0.16741054784264434,0,3,1,-0.6522676629811134,0,0,-0.6092882299987726,644
402,-0.16351727928816423,0,3,0,-0.05459850721511755,1,0,-0.10934786494953111,644
403,-0.15962401073368415,0,3,1,-0.7407060532684205,1,0,-0.7412002080663246,644
404,-0.15573074217920405,0,3,0,0.4337009863790539,0,0,0.18160329342395237,644
405,-0.15183747362472394,0,2,1,1.7334727306284228,1,0,-0.8575978201076603,644
406,-0.14794420507024383,0,3,1,-2.181663307656963,0,0,0.06482077859870165,644
407,-0.14405093651576373,1,2,1,-0.6522676629811134,1,1,-0.8542341697371912,644
408,-0.14015766796128365,0,3,1,-0.05459850721511755,0,0,0.37882115984050546,644
409,-0.13626439940680354,0,3,0,-0.05459850721511755,3,1,-0.8381279966586469,644
410,-0.13237113085232344,0,3,1,-0.05459850721511755,0,0,-0.9850078907326725,644
411,-0.12847786229784333,0,3,1,0.3536118186163779,0,0,1.6081469901488648,77
412,-0.12458459374336323,1,1,0,-0.05459850721511755,1,0,-2.9618271259259408,77
413,-0.12069132518888313,0,2,1,1.2108989353375896,0,0,-0.8342708328592514,644
414,-0.11679805663440303,1,3,1,-0.05459850721511755,0,0,-0.8179142593245781,644
415,-0.11290478807992294,0,3,0,0.4337009863790539,0,0,0.6250983000506032,644
416,-0.10901151952544283,1,2,0,-0.9203329512646492,1,1,-0.31604690593119483,644
417,-0.10511825097096272,1,2,0,0.11031957865380726,0,2,-0.31604690593119483,644
418,-0.10122498241648263,0,2,1,-1.6870449718146978,0,0,0.3247345477668938,644
419,-0.09733171386200253,0,3,0,-0.05459850721511755,0,2,-0.8381279966586469,644
420,-0.09343844530752242,0,3,1,-0.6522676629811134,0,0,-0.8598506257495407,168
421,-0.08954517675304233,0,3,1,0.02814762045017206,0,0,-0.840884057776947,77
422,-0.08565190819856222,0,3,1,-0.05459850721511755,0,0,-0.2092546857207589,644
423,-0.08175863964408212,0,3,0,-0.9203329512646492,1,1,0.14228549990096848,644
424,-0.07786537108960202,0,3,1,-0.05459850721511755,1,1,-0.9271796882603615,644
425,-0.07397210253512192,0,3,1,-0.05459850721511755,0,0,0.39989200077878556,644
426,-0.07007883398064182,1,2,0,-0.8300421033817629,1,0,0.39989200077878556,644
427,-0.06618556542616172,1,2,0,-0.05459850721511755,0,0,-0.8575978201076603,644
428,-0.06229229687168161,0,3,1,0.2730310992054048,0,0,-0.8179142593245781,77
429,-0.058399028317201514,1,3,1,-0.05459850721511755,0,0,0.42114906336567487,644
430,-0.054505759762721415,1,1,1,-0.05459850721511755,0,0,-0.09308004648401555,644
431,-0.050612491208241316,1,3,0,1.058591845741272,1,0,0.39989200077878556,644
432,-0.04671922265376121,1,2,0,-1.0116427737515061,1,0,-0.9453002883235161,644
433,-0.04282595409928111,0,3,1,1.6597526067341954,0,0,1.1582719487641822,644
434,-0.03893268554480101,0,1,1,-1.2924641075419132,1,0,1.871150953076331,644
435,-0.03503941699032091,1,1,0,-0.6522676629811134,1,2,0.6812030334391856,644
436,-0.031146148435840806,0,3,0,-0.39185157079407557,2,2,0.06482077859870165,644
437,-0.027252879881360707,1,2,0,2.130303476142282,2,3,2.554590271384055,644
438,-0.023359611326880605,0,1,1,0.19194030166255904,1,4,-0.5396528291993712,644
439,-0.019466342772400506,0,2,1,1.2865258599788896,0,0,0.4096127165924227,644
440,-0.015573074217920403,1,2,0,-0.7407060532684205,1,1,-0.6445383092459747,644
441,-0.011679805663440302,0,3,1,-0.30653974612032875,0,0,-0.8542341697371912,644
442,-0.007786537108960202,0,3,1,-0.05459850721511755,1,0,-0.31604690593119483,644
443,-0.003893268554480101,1,2,0,-0.05459850721511755,0,0,-0.8098287893463599,644
444,0.0,1,3,1,-2.181663307656963,0,0,1.5200050912697445,644
445,0.003893268554480101,1,1,1,-1.3886875092033242,0,2,0.10530503966366646,644
446,0.007786537108960202,1,2,0,0.4337009863790539,0,1,0.42114906336567487,644
447,0.011679805663440302,1,1,1,-2.181663307656963,0,0,0.09243848990389512,644
448,0.015573074217920403,1,3,0,1.8069015857569304,2,1,0.561317527858876,168
449,0.019466342772400506,1,1,1,0.5924728983228356,0,0,0.46595290249120913,644
450,0.023359611326880605,0,2,1,-0.05459850721511755,1,2,0.12968412718217154,644
451,0.027252879881360707,0,3,1,0.11031957865380726,1,0,0.46595290249120913,644
452,0.031146148435840806,0,1,1,1.5857341975532733,0,0,1.5988822118076869,168
453,0.03503941699032091,1,1,1,-0.05459850721511755,1,0,-0.8179142593245781,168
454,0.03893268554480101,0,3,1,0.02814762045017206,0,0,-0.8381279966586469,644
455,0.04282595409928111,1,3,1,2.130303476142282,0,0,0.42114906336567487,168
456,0.04671922265376121,0,1,1,-0.05459850721511755,0,0,1.0858500190107252,644
457,0.050612491208241316,1,1,0,1.6597526067341954,1,0,-0.5396528291993712,644
458,0.054505759762721415,1,2,0,-0.05459850721511755,0,0,-0.8575978201076603,644
459,0.058399028317201514,0,3,1,1.5114101705541982,0,0,0.42114906336567487,77
460,0.06229229687168161,1,1,1,0.4337009863790539,0,0,-0.8179142593245781,644
461,0.06618556542616172,0,3,1,1.4367728560651947,0,0,0.79391100570426,644
462,0.07007883398064182,0,1,1,1.5114101705541982,0,0,-0.31604690593119483,644
463,0.07397210253512192,0,2,1,-0.05459850721511755,0,0,-0.8179142593245781,644
464,0.07786537108960202,0,3,1,0.7494729905249027,0,0,-0.9563202680800045,644
465,0.08175863964408212,0,3,1,-0.05459850721511755,0,0,-2.9618271259259408,644
466,0.08565190819856222,0,2,1,2.0978346345929557,0,0,0.42114906336567487,644
467,0.08954517675304233,0,1,1,-0.05459850721511755,0,0,-0.8609720448495977,644
468,0.09343844530752242,0,3,1,-2.181663307656963,0,0,0.09243848990389512,77
469,0.09733171386200253,1,3,0,-0.05459850721511755,2,1,-0.9271796882603615,168
470,0.10122498241648263,0,3,1,0.7494729905249027,0,0,-0.7412002080663246,644
471,0.10511825097096272,0,3,1,0.3536118186163779,0,0,0.46595290249120913,644
472,0.10901151952544283,1,2,0,-0.4778842898972481,1,2,-0.2542886909117147,644
473,0.11290478807992294,1,2,0,-0.5646757637322461,0,0,-0.6079557635535894,168
474,0.11679805663440303,0,3,0,-0.05459850721511755,0,0,1.0884150654185973,644
475,0.12069132518888313,0,1,1,0.4337009863790539,0,0,0.18160329342395237,644
476,0.12458459374336323,0,2,1,0.02814762045017206,1,0,-0.9569407185255765,644
477,0.12847786229784333,0,3,1,-0.5646757637322461,1,0,-0.8889368522974425,644
478,0.13237113085232344,0,3,1,-2.181663307656963,0,0,-0.37500008339082425,644
479,0.13626439940680354,1,3,0,-1.7903485093806364,0,1,0.9880238835689437,644
480,0.14015766796128365,0,3,1,-0.05459850721511755,5,2,-2.9618271259259408,644
481,0.14405093651576373,0,2,1,1.6597526067341954,0,0,-0.8179142593245781,644
482,0.14794420507024383,0,3,1,2.130303476142282,0,0,-0.6349312095062337,644
483,0.15183747362472394,1,3,0,-0.30653974612032875,0,0,1.6191764137131486,644
484,0.15573074217920405,1,1,1,-0.05459850721511755,1,0,0.37882115984050546,168
485,0.15962401073368415,0,3,0,0.5133159322175651,3,1,1.6081469901488648,644
486,0.16351727928816423,1,1,0,2.130303476142282,1,0,0.5345488262166327,644
487,0.16741054784264434,0,1,1,0.11031957865380726,0,0,-0.8179142593245781,168
488,0.17130381639712444,0,3,1,-1.7903485093806364,0,0,-0.10607317964108673,644
489,0.17519708495160455,1,3,1,-0.05459850721511755,1,1,0.12968412718217154,644
490,0.17909035350608465,0,3,1,-0.6522676629811134,1,0,-0.9271796882603615,644
491,0.18298362206056476,0,3,1,2.025506360915049,0,0,0.561317527858876,644
492,0.18687689061504484,0,1,1,2.130303476142282,0,0,1.0406788800465747,644
493,0.19077015916952494,0,1,1,-0.6522676629811134,0,0,-0.8179142593245781,168
494,0.19466342772400505,0,3,1,-0.05459850721511755,0,0,-0.20504155617562644,644
495,0.19855669627848516,0,3,1,1.9529120907619824,0,0,1.478047787938146,168
496,0.20244996483296526,1,1,0,-0.05459850721511755,1,0,-0.15978986195787787,168
497,0.20634323338744534,0,3,1,-0.30653974612032875,0,0,2.0796426319138552,644
498,0.21023650194192545,0,1,0,-0.39185157079407557,1,2,-0.8514436260541296,644
499,0.21412977049640555,0,3,1,-1.0116427737515061,0,0,-0.7412002080663246,644
500,0.21802303905088566,0,3,1,-0.6522676629811134,0,0,-0.8575978201076603,644
501,0.22191630760536576,0,3,0,-0.05459850721511755,0,0,-0.8740011262352894,77
502,0.22580957615984587,0,3,0,0.6711871358575587,0,0,-0.6349312095062337,77
503,0.22970284471432595,0,3,0,-1.1040441229397915,0,0,1.5713626929105482,644
504,0.23359611326880605,1,1,0,-0.9203329512646492,0,0,1.783160722768349,644
505,0.23748938182328616,0,1,1,0.3536118186163779,1,0,0.39989200077878556,168
506,0.24138265037776627,1,2,0,-0.05459850721511755,0,2,0.42114906336567487,644
507,0.24527591893224637,1,1,1,-0.05459850721511755,0,0,0.25352633015643217,644
508,0.24916918748672645,0,3,1,-0.2219142793787954,0,0,1.1684792416255743,644
509,0.2530624560412066,1,3,1,0.02814762045017206,0,0,-0.8575978201076603,644
510,0.25695572459568666,1,3,1,-0.05459850721511755,0,0,-0.8179142593245781,77
511,0.26084899315016674,0,3,1,0.5924728983228356,0,0,0.4110623703435787,644
512,0.2647422617046469,1,1,1,1.9529120907619824,0,0,1.2166246585002864,644
513,0.26863553025912695,1,1,0,-0.39185157079407557,1,0,-0.8924110648800275,168
514,0.2725287988136071,0,3,1,1.4367728560651947,0,0,0.6708585887417803,644
515,0.27642206736808717,0,1,1,0.4337009863790539,0,0,-0.5396528291993712,644
516,0.2803153359225673,1,2,0,-0.05459850721511755,0,0,0.3247345477668938,644
517,0.2842086044770474,0,3,1,0.5924728983228356,0,0,0.39989200077878556,77
518,0.28810187303152746,1,2,0,0.2730310992054048,1,0,-0.8381279966586469,644
519,0.2919951415860076,0,3,1,0.11031957865380726,0,0,1.643408855293996,644
520,0.29588841014048767,1,1,0,-0.5646757637322461,0,0,-0.8381279966586469,644
521,0.2997816786949678,0,3,1,-0.05459850721511755,0,0,-0.9307795720141078,644
522,0.3036749472494479,0,3,1,1.2108989353375896,0,0,1.193396321810384,168
523,0.30756821580392796,1,1,0,-0.05459850721511755,0,1,-0.9301739521392551,168
524,0.3114614843584081,0,3,1,0.9434002946888733,0,0,-0.8575978201076603,168
525,0.31535475291288817,0,3,1,1.6597526067341954,0,0,-0.5396528291993712,77
526,0.3192480214673683,1,2,0,-0.05459850721511755,0,0,2.4103104879520973,644
527,0.3231412900218484,0,1,1,0.8273439786950549,0,0,-0.8342708328592514,644
528,0.32703455857632846,0,3,1,-0.4778842898972481,0,0,-0.4443410229513142,644
529,0.3309278271308086,0,2,1,-2.181663307656963,2,1,0.39989200077878556,644
530,0.33482109568528867,1,2,0,-0.05459850721511755,1,1,-0.9301739521392551,644
531,0.3387143642397688,0,3,1,-1.0116427737515061,0,0,-0.9301739521392551,168
532,0.3426076327942489,0,3,1,-0.05459850721511755,1,1,0.24591743304972297,168
533,0.346500901348729,1,3,0,0.11031957865380726,0,2,-0.7412002080663246,168
534,0.3503941699032091,0,3,0,-2.0043613621926446,0,0,0.4096127165924227,644
535,0.3542874384576892,1,2,0,1.2865258599788896,0,2,0.42114906336567487,644
536,0.3581807070121693,0,1,1,0.11031957865380726,0,0,1.7622084849201307,644
537,0.3620739755666494,1,1,0,-0.05459850721511755,0,0,-0.2020387423518167,168
538,0.3659672441211295,0,3,1,-0.5646757637322461,0,0,1.0405963797678486,644
539,0.3698605126756096,1,1,0,0.5924728983228356,0,2,1.386376192600871,168
540,0.3737537812300897,1,1,0,-1.7903485093806364,0,2,0.5865468430287123,644
541,0.3776470497845698,0,3,0,-1.5858098459471621,4,2,0.5865468430287123,644
542,0.3815403183390499,0,3,0,0.2730310992054048,4,2,0.39989200077878556,644
543,0.38543358689353,1,2,1,1.6597526067341954,1,0,1.7622084849201307,644
544,0.3893268554480101,0,1,1,2.130303476142282,1,0,0.39989200077878556,168
545,0.3932201240024902,0,1,1,-0.8300421033817629,0,0,0.39989200077878556,644
546,0.3971133925569703,1,2,0,-0.05459850721511755,1,0,-0.24894354487783515,644
547,0.4010066611114504,1,2,1,0.3536118186163779,0,0,0.15807671500445608,168
548,0.4048999296659305,0,3,1,-1.8960009152069852,1,1,0.747752817002643,644
549,0.4087931982204106,1,2,1,-1.0116427737515061,1,1,1.799579727876578,644
550,0.4126864667748907,1,1,1,-0.13794354973268363,0,2,0.39989200077878556,168
551,0.4165797353293708,0,2,1,-0.05459850721511755,0,0,-0.8469777889108431,644
552,0.4204730038838509,0,3,1,-0.5646757637322461,0,0,-0.9307795720141078,77
553,0.424366272438331,1,3,1,-0.5646757637322461,0,0,-0.8542341697371912,168
554,0.4282595409928111,1,3,0,2.130303476142282,0,0,0.42114906336567487,644
555,0.43215280954729124,0,1,1,1.5114101705541982,0,0,0.8217891733833796,644
556,0.4360460781017713,1,1,0,-0.05459850721511755,1,0,2.4321060567491695,168
557,0.4399393466562514,0,1,1,0.8273439786950549,0,0,1.4944502803096387,168
558,0.44383261521073153,1,1,0,0.5924728983228356,1,1,-0.01249624518848613,644
559,0.4477258837652116,1,3,0,-0.05459850721511755,1,0,-0.8575978201076603,644
560,0.45161915231969174,0,3,1,0.9048128553465931,0,0,-0.8381279966586469,77
561,0.4555124208741718,0,3,1,-0.05459850721511755,0,0,-0.27661138063832236,644
562,0.4594056894286519,0,2,1,-0.05459850721511755,0,0,-0.8179142593245781,644
563,0.46329895798313203,0,3,1,-0.05459850721511755,0,0,-0.8179142593245781,644
564,0.4671922265376121,0,3,0,-0.39185157079407557,0,0,0.3247345477668938,644
565,0.47108549509209224,0,3,1,-0.8300421033817629,2,0,-0.8381279966586469,644
566,0.4749787636465723,0,3,1,0.02814762045017206,0,0,0.18526695978002608,644
567,0.4788720322010524,0,3,0,-0.05459850721511755,0,4,-0.9301739521392551,644
568,0.48276530075553253,0,3,1,0.2730310992054048,0,0,-0.8436472240366704,168
569,0.4866585693100126,1,3,1,2.130303476142282,0,0,-0.5396528291993712,644
570,0.49055183786449275,1,2,1,1.8800458920554226,0,0,1.0786607253118643,644
571,0.4944451064189728,1,1,0,0.5924728983228356,2,0,0.4149174391426286,644
572,0.4983383749734529,1,1,1,-0.05459850721511755,0,0,-0.8575978201076603,644
573,0.502231643527933,1,3,0,-1.1040441229397915,0,0,-0.8179142593245781,77
574,0.5061249120824132,0,3,1,-0.8300421033817629,0,0,-0.2020387423518167,644
575,0.5100181806368932,0,3,1,0.4337009863790539,0,0,-0.31604690593119483,644
576,0.5139114491913733,1,2,0,0.8273439786950549,0,0,1.1582719487641822,644
577,0.5178047177458535,1,1,0,-0.05459850721511755,1,0,-0.20504155617562644,644
578,0.5216979863003335,0,3,0,0.2730310992054048,1,0,-0.8342708328592514,168
579,0.5255912548548136,1,3,1,-0.30653974612032875,0,0,0.5446759392046872,644
580,0.5294845234092938,1,2,0,0.8273439786950549,1,1,1.799579727876578,644
581,0.5333777919637739,1,1,0,1.9529120907619824,1,1,0.39989200077878556,168
582,0.5372710605182539,0,2,1,0.5924728983228356,0,0,0.8348035702489656,644
583,0.541164329072734,0,1,1,-0.05459850721511755,0,0,-0.7351751430540928,168
584,0.5450575976272142,0,3,1,-0.9203329512646492,0,0,1.4944502803096387,168
585,0.5489508661816942,1,1,0,1.4367728560651947,0,2,-0.166710009988614,644
586,0.5528441347361743,0,2,1,2.130303476142282,0,0,1.4891485401935174,644
587,0.5567374032906545,1,1,1,-0.5646757637322461,1,1,-0.8179142593245781,168
588,0.5606306718451346,0,3,1,-0.05459850721511755,0,0,-0.8179142593245781,644
589,0.5645239403996146,0,3,1,0.5133159322175651,0,0,-0.9453002883235161,644
590,0.5684172089540948,0,3,1,1.8069015857569304,0,0,1.478047787938146,644
591,0.5723104775085749,1,1,0,1.4367728560651947,1,0,-0.9271796882603615,168
592,0.5762037460630549,0,3,1,-0.05459850721511755,0,0,-0.8575978201076603,644
593,0.580097014617535,0,3,0,0.6711871358575587,0,2,0.39989200077878556,77
594,0.5839902831720152,0,2,1,0.5924728983228356,1,0,0.3247345477668938,644
595,0.5878835517264952,0,3,1,-0.05459850721511755,1,1,0.6403906704955152,644
596,0.5917768202809753,1,2,0,1.5857341975532733,0,0,-2.9618271259259408,644
597,0.5956700888354555,0,3,1,-0.05459850721511755,0,0,-0.9307795720141078,644
598,0.5995633573899356,0,3,1,1.5857341975532733,0,0,1.1758315476439922,168
599,0.6034566259444156,1,1,1,-0.39185157079407557,1,0,0.43819732405169837,168
600,0.6073498944988958,1,2,0,-0.05459850721511755,2,1,-0.8381279966586469,644
601,0.6112431630533759,0,3,1,-0.05459850721511755,0,0,0.8891646129972887,644
602,0.6151364316078559,0,1,1,1.2108989353375896,0,0,-0.8179142593245781,644
603,0.619029700162336,0,3,1,0.5133159322175651,0,0,0.42114906336567487,644
604,0.6229229687168162,1,1,1,0.5924728983228356,0,0,-0.1292228816217183,168
605,0.6268162372712963,0,3,1,0.11031957865380726,1,0,-0.8381279966586469,644
606,0.6307095058257763,0,3,1,-0.13794354973268363,0,0,0.561317527858876,644
607,0.6346027743802565,1,1,1,-0.5646757637322461,0,0,0.8699204274955586,644
608,0.6384960429347366,1,2,0,0.9048128553465931,1,2,2.0907191824661546,168
609,0.6423893114892166,1,1,0,0.8273439786950549,0,0,0.5865468430287123,644
610,0.6462825800436968,0,3,0,-0.05459850721511755,1,5,-0.9563202680800045,644
611,0.6501758485981769,0,3,1,-0.05459850721511755,0,0,-0.1325738408718942,644
612,0.6540691171526569,1,3,0,-0.05459850721511755,1,0,-0.8575978201076603,77
613,0.657962385707137,0,3,1,0.5133159322175651,0,0,-0.8179142593245781,77
614,0.6618556542616172,0,3,1,-0.39185157079407557,0,0,1.3026670623345693,644
615,0.6657489228160973,1,2,0,0.4337009863790539,1,2,-0.2092546857207589,644
616,0.6696421913705773,0,3,1,-0.2219142793787954,1,1,-0.09308004648401555,644
617,0.6735354599250575,0,3,0,-2.181663307656963,1,0,0.8066872715647131,644
618,0.6774287284795376,1,2,0,-0.2219142793787954,2,1,-0.5396528291993712,644
619,0.6813219970340176,0,2,1,-0.13794354973268363,0,0,-0.2053372772421093,644
620,0.6852152655884978,0,3,1,1.058591845741272,1,0,1.098679996747035,168
621,0.6891085341429779,1,1,1,-0.7407060532684205,1,0,-0.1164775845919023,644
622,0.693001802697458,1,3,1,-0.6522676629811134,1,1,-0.8436472240366704,168
623,0.6968950712519381,0,3,1,-0.6522676629811134,0,0,-0.09308004648401555,644
624,0.7007883398064182,0,3,1,2.130303476142282,0,0,0.6195563845323501,644
625,0.7046816083608983,0,1,1,2.130303476142282,0,0,-0.3696913384719465,644
626,0.7085748769153783,0,2,1,-0.6522676629811134,0,0,1.4743480583603512,77
627,0.7124681454698585,1,1,0,-0.2219142793787954,0,0,-0.8381279966586469,644
628,0.7163614140243386,0,3,1,-0.05459850721511755,0,0,-0.8598506257495407,644
629,0.7202546825788186,0,3,1,2.130303476142282,0,0,0.5446759392046872,77
630,0.7241479511332988,1,1,1,1.7334727306284228,0,0,-0.9557001731553617,644
631,0.7280412196877789,0,3,1,0.2730310992054048,0,0,0.561317527858876,644
632,0.731934488242259,1,1,1,-0.05459850721511755,0,0,-2.9618271259259408,168
633,0.7358277567967391,0,1,1,-1.7903485093806364,0,0,0.47140853637512475,644
634,0.7397210253512192,0,3,0,-0.05459850721511755,3,2,-0.31604690593119483,644
635,0.7436142939056993,1,2,0,0.2730310992054048,0,0,-0.8342708328592514,644
636,0.7475075624601794,0,3,1,0.19194030166255904,0,0,0.4096127165924227,644
637,0.7514008310146595,0,2,1,0.9818916748851382,1,1,0.823971034262301,644
638,0.7552940995691396,0,3,0,-0.05459850721511755,0,5,-0.09308004648401555,644
639,0.7591873681236196,0,3,1,-0.7407060532684205,1,0,-0.8436472240366704,644
640,0.7630806366780998,0,3,1,-0.39185157079407557,0,0,1.3634601711940006,644
641,0.7669739052325799,1,1,0,-2.181663307656963,0,0,0.47140853637512475,168
642,0.77086717378706,0,3,0,-0.05459850721511755,3,2,1.1684792416255743,644
643,0.7747604423415401,1,3,1,-2.181663307656963,0,0,0.09243848990389512,644
644,0.7786537108960202,1,3,0,1.5114101705541982,2,1,1.4594437700189682,168
645,0.7825469794505003,1,1,1,-0.8300421033817629,1,0,-0.8381279966586469,168
646,0.7864402480049804,0,3,1,2.0978346345929557,0,0,0.7133194049915417,644
647,0.7903335165594605,1,1,1,-0.05459850721511755,0,0,-0.8848931224135542,168
648,0.7942267851139406,0,3,1,-0.4778842898972481,0,0,-0.8848931224135542,644
649,0.7981200536684208,1,3,0,-0.05459850721511755,0,0,-0.8381279966586469,644
650,0.8020133222229008,0,3,1,-0.9203329512646492,0,0,0.274886679762379,644
651,0.8059065907773809,1,2,0,-0.6522676629811134,0,1,-0.7692645280245258,644
652,0.809799859331861,0,3,1,-0.05459850721511755,0,0,-0.8469777889108431,644
653,0.8136931278863411,1,3,0,-0.9203329512646492,0,0,-1.0015567435927377,77
654,0.8175863964408212,0,3,0,-0.39185157079407557,0,0,1.4190182192117025,77
655,0.8214796649953013,0,2,1,-0.05459850721511755,2,0,-0.8381279966586469,644
656,0.8253729335497814,0,3,1,0.2730310992054048,0,0,-0.1325738408718942,644
657,0.8292662021042615,0,3,0,-0.4778842898972481,1,1,-0.31604690593119483,77
658,0.8331594706587416,0,2,1,2.130303476142282,0,0,1.818959581484474,644
659,0.8370527392132218,0,1,1,1.6597526067341954,0,2,1.9679237863475296,168
660,0.8409460077677018,1,1,1,0.9048128553465931,2,0,-0.9307795720141078,644
661,0.8448392763221819,0,3,1,1.4367728560651947,0,0,0.38363461193458975,168
662,0.848732544876662,0,1,1,0.5924728983228356,0,0,-0.8924110648800275,644
663,0.8526258134311421,0,3,1,-0.7407060532684205,0,0,-0.8342708328592514,644
664,0.8565190819856222,1,3,1,0.2730310992054048,1,0,1.4190182192117025,644
665,0.8604123505401023,0,2,1,-0.30653974612032875,2,0,-0.31604690593119483,644
666,0.8643056190945825,0,2,1,-0.05459850721511755,0,0,-0.8542341697371912,644
667,0.8681988876490625,0,3,1,1.13492417951679,0,0,-0.8179142593245781,644
668,0.8720921562035426,0,3,1,-0.05459850721511755,0,0,1.0884150654185973,644
669,0.8759854247580228,1,1,0,0.9048128553465931,1,0,0.8066872715647131,644
670,0.8798786933125028,1,2,0,0.19194030166255904,1,1,1.0884150654185973,644
671,0.8837719618669829,0,1,1,2.130303476142282,1,0,-0.5396528291993712,644
672,0.8876652304214631,0,2,1,0.19194030166255904,0,0,-0.31604690593119483,644
673,0.8915584989759431,1,2,1,-0.05459850721511755,0,0,-2.9618271259259408,644
674,0.8954517675304232,0,2,1,-0.9203329512646492,0,0,-0.8542341697371912,644
675,0.8993450360849033,0,3,1,-0.34910777796126596,0,0,-0.8179142593245781,644
676,0.9032383046393835,0,3,1,-0.9203329512646492,0,0,-0.6075084337410726,644
677,0.9071315731938635,1,3,0,1.13492417951679,0,0,0.9880238835689437,644
678,0.9110248417483436,0,3,0,0.5924728983228356,1,6,2.701370552120175,644
679,0.9149181103028238,1,1,1,-0.05459850721511755,0,1,-0.8066116445399808,168
680,0.9188113788573038,0,3,0,-0.13794354973268363,0,0,1.4594437700189682,77
681,0.9227046474117839,1,1,1,-0.7407060532684205,0,0,-0.675314603050107,168
682,0.9265979159662641,0,3,1,-1.2924641075419132,0,0,0.9880238835689437,644
683,0.9304911845207442,0,3,1,2.130303476142282,5,2,0.8066872715647131,644
684,0.9343844530752242,0,2,1,-0.30653974612032875,1,1,0.8699204274955586,644
685,0.9382777216297044,0,2,1,-1.2924641075419132,1,2,0.823971034262301,168
686,0.9421709901841845,0,3,1,-0.8300421033817629,4,1,-0.5730365945032387,644
687,0.9460642587386645,0,3,1,-0.9203329512646492,0,0,-0.8514436260541296,644
688,0.9499575272931446,0,3,1,-1.1976196167172652,0,0,2.3690736514565196,644
689,0.9538507958476248,1,1,0,0.19194030166255904,0,1,1.1770268728687323,644
690,0.9577440644021048,1,1,1,-2.181663307656963,1,0,-0.2830766612654523,644
691,0.9616373329565849,1,3,0,-0.05459850721511755,0,1,1.1684792416255743,168
692,0.9655306015110651,1,3,1,-0.30653974612032875,0,0,-0.9307795720141078,644
693,0.9694238700655452,0,3,1,2.130303476142282,0,0,0.42114906336567487,168
694,0.9733171386200252,0,1,1,1.8069015857569304,0,0,-0.27661138063832236,644
695,0.9772104071745054,0,2,1,1.2108989353375896,0,0,-0.8179142593245781,644
696,0.9811036757289855,0,3,1,-0.05459850721511755,0,0,-0.8598506257495407,644
697,0.9849969442834655,1,3,0,1.5857341975532733,0,0,1.799579727876578,77
698,0.9888902128379456,0,1,1,1.058591845741272,1,1,-0.8711588050022243,168
699,0.9927834813924258,0,3,1,-0.9203329512646492,0,0,2.4321060567491695,644
700,0.9966767499469058,1,1,0,0.5133159322175651,1,0,0.4110623703435787,168
701,1.000570018501386,1,1,1,-0.9203329512646492,0,0,-0.2053372772421093,644
702,1.004463287055866,0,3,0,-0.30653974612032875,0,1,-0.8587168870271746,168
703,1.0083565556103462,0,3,1,-0.2219142793787954,0,0,-0.8436472240366704,77
704,1.0122498241648263,0,3,1,0.8273439786950549,1,0,0.39989200077878556,644
705,1.0161430927193065,0,2,1,1.2865258599788896,0,0,-0.27661138063832236,644
706,1.0200363612737864,1,2,0,1.058591845741272,0,0,0.4110623703435787,644
707,1.0239296298282665,1,1,1,-0.5646757637322461,0,0,2.0796426319138552,644
708,1.0278228983827467,1,1,0,-0.05459850721511755,0,0,-0.1497844435478599,644
709,1.0317161669372268,1,3,1,-0.39185157079407557,1,1,1.0406788800465747,168
710,1.035609435491707,1,1,0,-0.05459850721511755,0,0,0.42114906336567487,168
711,1.039502704046187,0,1,1,1.5114101705541982,0,0,1.0884150654185973,644
712,1.043395972600667,1,1,1,0.02814762045017206,1,0,-0.6463818863997128,644
713,1.047289241155147,0,3,1,1.8069015857569304,0,0,-0.31604690593119483,644
714,1.0511825097096272,0,2,1,-0.8300421033817629,0,0,-0.8711588050022243,644
715,1.0550757782641074,0,3,1,0.7494729905249027,0,0,2.4321060567491695,644
716,1.0589690468185875,1,1,0,-0.13794354973268363,0,0,-0.5396528291993712,168
717,1.0628623153730676,1,2,0,-0.05459850721511755,0,0,-0.1325738408718942,644
718,1.0667555839275478,0,3,1,0.3536118186163779,0,0,-0.8542341697371912,77
719,1.0706488524820277,0,3,1,-2.1159046781828135,0,0,0.6403906704955152,644
720,1.0745421210365078,1,2,0,-1.0116427737515061,0,1,-0.9557001731553617,644
721,1.078435389590988,0,3,1,0.4337009863790539,1,0,-0.31604690593119483,644
722,1.082328658145468,0,2,1,1.6597526067341954,0,0,-0.31604690593119483,644
723,1.0862219266999482,0,2,1,-0.13794354973268363,0,0,1.108675916266105,644
724,1.0901151952544283,1,1,1,-0.7407060532684205,1,0,-0.7412002080663246,644
725,1.0940084638089085,0,3,1,0.11031957865380726,0,0,0.18160329342395237,644
726,1.0979017323633884,1,2,0,-0.05459850721511755,3,0,-0.8592836067151068,644
727,1.1017950009178685,1,3,0,-0.30653974612032875,0,0,0.39989200077878556,77
728,1.1056882694723487,0,2,1,-0.30653974612032875,1,0,-0.8342708328592514,644
729,1.1095815380268288,0,3,0,0.02814762045017206,1,0,2.3690736514565196,644
730,1.113474806581309,1,1,0,-1.5858098459471621,0,0,0.06688482618056127,644
731,1.117368075135789,0,3,1,-0.05459850721511755,0,0,-2.9618271259259408,168
732,1.1212613436902692,0,2,1,-0.4778842898972481,0,0,-0.31604690593119483,644
733,1.125154612244749,0,2,1,-0.4778842898972481,0,0,-0.31604690593119483,644
734,1.1290478807992292,0,2,1,-0.013152170434106419,0,0,-0.09308004648401555,644
735,1.1329411493537094,0,3,1,1.5114101705541982,0,0,0.6812030334391856,644
736,1.1368344179081895,0,3,0,0.5133159322175651,1,3,2.701370552120175,644
737,1.1407276864626696,1,1,1,-0.05459850721511755,0,0,-0.8381279966586469,168
738,1.1446209550171498,0,3,1,-0.05459850721511755,0,0,-0.8381279966586469,644
739,1.1485142235716297,0,3,1,-0.05459850721511755,0,0,0.5446759392046872,644
740,1.1524074921261098,1,1,1,0.5924728983228356,0,0,1.4850023206512304,644
741,1.15630076068059,0,1,1,-0.6522676629811134,1,0,2.55259247035665,644
742,1.16019402923507,1,1,0,-0.39185157079407557,2,2,-0.09308004648401555,168
743,1.1640872977895502,0,3,1,0.19194030166255904,1,0,-0.8342708328592514,644
744,1.1679805663440304,1,3,1,2.130303476142282,0,0,1.386376192600871,644
745,1.1718738348985105,0,1,1,-1.1040441229397915,1,1,0.14419389333251859,644
746,1.1757671034529904,0,3,1,0.11031957865380726,1,1,-0.31604690593119483,644
747,1.1796603720074705,1,2,0,-0.8300421033817629,0,0,1.108675916266105,644
748,1.1835536405619507,0,1,1,0.19194030166255904,1,0,-0.8575978201076603,644
749,1.1874469091164308,0,3,1,-2.181663307656963,0,0,0.274886679762379,77
750,1.191340177670911,1,2,0,-2.1159046781828135,1,1,-0.3591552839370397,644
751,1.195233446225391,1,3,1,0.3536118186163779,0,1,-0.6445383092459747,644
752,1.1991267147798712,0,3,1,-0.4778842898972481,0,0,-0.8381279966586469,644
753,1.2030199833343511,0,3,1,1.5114101705541982,0,0,1.3026670623345693,644
754,1.2069132518888313,1,2,0,-2.181663307656963,1,2,-0.2020387423518167,644
755,1.2108065204433114,1,2,1,-0.05459850721511755,1,1,-0.8514436260541296,644
756,1.2146997889977915,0,3,1,-0.9203329512646492,0,0,-0.4443410229513142,644
757,1.2185930575522717,0,2,1,0.4337009863790539,0,0,-0.8179142593245781,644
758,1.2224863261067518,0,3,1,0.3536118186163779,0,0,1.5713626929105482,644
759,1.226379594661232,1,1,0,-0.05459850721511755,0,0,-0.2020387423518167,644
760,1.2302728632157118,0,3,1,0.9818916748851382,0,0,-0.9453002883235161,644
761,1.234166131770192,0,3,1,-0.7407060532684205,0,0,-0.9301739521392551,644
762,1.238059400324672,1,3,1,0.5924728983228356,0,0,1.871150953076331,168
763,1.2419526688791522,1,1,0,-1.1040441229397915,1,2,-0.8542341697371912,644
764,1.2458459374336324,0,3,1,1.7334727306284228,0,0,1.4743480583603512,644
765,1.2497392059881125,1,1,0,-0.05459850721511755,1,0,0.8217891733833796,644
766,1.2536324745425926,0,1,1,0.15119747663361754,0,0,-0.8575978201076603,168
767,1.2575257430970725,0,3,0,-0.05459850721511755,0,0,0.3247345477668938,77
768,1.2614190116515527,0,3,1,0.2730310992054048,1,0,-0.7780852966252112,77
769,1.2653122802060328,0,3,1,-0.39185157079407557,0,0,-0.6445383092459747,644
770,1.269205548760513,0,3,1,1.5114101705541982,0,0,-0.8436472240366704,644
771,1.273098817314993,0,3,1,2.130303476142282,0,0,-0.5396528291993712,644
772,1.2769920858694732,0,2,0,-0.05459850721511755,0,0,-0.9307795720141078,644
773,1.2808853544239531,0,3,1,1.9529120907619824,0,0,0.274886679762379,168
774,1.2847786229784333,1,2,0,-0.9203329512646492,1,3,-0.8575978201076603,644
775,1.2886718915329134,0,3,1,-0.05459850721511755,0,0,-0.8575978201076603,644
776,1.2925651600873935,0,3,1,-2.181663307656963,0,0,-0.3591552839370397,77
777,1.2964584286418737,1,3,0,-0.05459850721511755,0,0,-0.8592836067151068,644
778,1.3003516971963538,0,3,1,1.13492417951679,0,0,2.3690736514565196,77
779,1.304244965750834,1,1,0,-1.3886875092033242,0,1,-0.9301739521392551,644
780,1.3081382343053138,1,3,0,-1.0116427737515061,0,0,1.1770268728687323,168
781,1.312031502859794,1,1,0,0.02814762045017206,1,0,0.5446759392046872,644
782,1.315924771414274,0,1,1,-0.05459850721511755,0,0,0.2946986701020147,644
783,1.3198180399687542,0,3,1,-0.30653974612032875,1,2,-0.9563202680800045,644
784,1.3237113085232344,0,3,1,-0.30653974612032875,0,0,-0.9271796882603615,644
785,1.3276045770777145,0,3,1,-0.9203329512646492,0,0,-0.8924110648800275,644
786,1.3314978456321946,1,3,0,-1.8960009152069852,0,0,0.514831059890351,644
787,1.3353911141866746,0,3,1,-2.181663307656963,4,1,0.16057992391021958,77
788,1.3392843827411547,1,3,1,1.361814224250622,1,2,1.4891485401935174,644
789,1.3431776512956348,0,1,1,-0.05459850721511755,0,0,-0.8575978201076603,168
790,1.347070919850115,0,3,1,-1.1040441229397915,0,0,0.39989200077878556,77
791,1.350964188404595,0,2,1,-0.05459850721511755,0,0,1.3668681236129276,644
792,1.3548574569590752,0,3,0,-0.05459850721511755,8,2,0.5677554575374022,644
793,1.3587507255135554,0,1,1,-0.30653974612032875,0,0,-0.8381279966586469,168
794,1.3626439940680353,0,3,1,0.8273439786950549,0,0,-0.31604690593119483,644
795,1.3665372626225154,0,2,1,1.5857341975532733,0,0,0.3971211195789062,644
796,1.3704305311769955,1,1,0,0.19194030166255904,0,0,-0.7386896299757971,644
797,1.3743237997314757,1,3,0,0.11031957865380726,0,0,-0.9301739521392551,644
798,1.3782170682859558,0,3,1,0.11031957865380726,0,0,0.3247345477668938,168
799,1.382110336840436,0,3,0,0.4337009863790539,1,1,-0.31604690593119483,644
800,1.386003605394916,0,2,1,0.19194030166255904,0,0,0.4096127165924227,644
801,1.389896873949396,1,2,0,-1.5858098459471621,1,1,1.871150953076331,644
802,1.3937901425038761,1,1,1,-2.181663307656963,1,2,-0.7589667883273783,644
803,1.3976834110583563,1,3,1,-0.13794354973268363,0,1,-0.9674536207957061,168
804,1.4015766796128364,1,3,1,0.19194030166255904,0,0,-0.8542341697371912,644
805,1.4054699481673165,0,3,1,0.8273439786950549,0,0,-2.9618271259259408,644
806,1.4093632167217967,0,1,1,-0.9203329512646492,0,0,-0.8542341697371912,644
807,1.4132564852762766,0,3,0,0.8273439786950549,0,0,-0.31604690593119483,644
808,1.4171497538307567,0,2,1,0.3536118186163779,0,0,1.108675916266105,644
809,1.4210430223852368,1,1,0,-0.2219142793787954,1,0,-0.8392269213503211,644
810,1.424936290939717,0,3,1,0.8273439786950549,0,0,0.3247345477668938,644
811,1.428829559494197,0,3,1,0.5133159322175651,0,0,-0.5396528291993712,644
812,1.4327228280486772,0,2,1,-2.1159046781828135,0,0,0.5865468430287123,644
813,1.4366160966031574,0,3,0,0.15119747663361754,4,2,-0.8179142593245781,644
814,1.4405093651576373,0,3,1,-0.05459850721511755,0,0,-2.9618271259259408,644
815,1.4444026337121174,0,1,1,-0.4778842898972481,0,0,-0.8342708328592514,644
816,1.4482959022665975,0,3,0,0.19194030166255904,0,0,0.7546018823908197,644
817,1.4521891708210777,0,2,1,1.13492417951679,1,1,-1.0487591857371625,168
818,1.4560824393755578,0,3,1,-1.6870449718146978,0,0,0.47140853637512475,644
819,1.459975707930038,0,3,1,1.8069015857569304,3,2,1.643408855293996,644
820,1.463868976484518,1,1,0,-0.13794354973268363,1,1,-0.7412002080663246,644
821,1.467762245038998,1,3,1,0.7494729905249027,0,0,-2.9618271259259408,644
822,1.4716555135934781,0,1,1,-0.13794354973268363,0,0,-0.3591552839370397,644
823,1.4755487821479583,1,3,0,-2.181663307656963,0,1,0.823971034262301,644
824,1.4794420507024384,0,3,1,-0.05459850721511755,4,1,-0.9711903192127929,644
825,1.4833353192569185,0,3,1,-0.05459850721511755,0,0,1.1684792416255743,77
826,1.4872285878113987,0,3,1,-2.181663307656963,0,0,0.7546018823908197,644
827,1.4911218563658788,1,2,1,-0.05459850721511755,0,2,-0.8575978201076603,168
828,1.4989083934748388,1,3,1,-1.1976196167172652,0,0,-0.2053372772421093,77
830,1.506694930583799,1,3,0,-0.05459850721511755,1,0,-0.9301739521392551,168
831,1.5105881991382792,1,2,1,-0.4778842898972481,1,1,-0.8436472240366704,644
832,1.5144814676927594,0,3,1,-0.9203329512646492,0,0,-0.7859331047647925,168
833,1.5183747362472393,0,3,1,0.8273439786950549,0,0,1.5347014233237541,644
834,1.5222680048017194,0,3,1,-0.6522676629811134,0,0,-0.7412002080663246,644
835,1.5261612733561996,1,1,0,-0.05459850721511755,1,1,-0.8179142593245781,168
836,1.5300545419106797,0,3,1,0.2730310992054048,0,0,1.1684792416255743,644
837,1.5339478104651598,0,3,1,-0.05459850721511755,0,0,0.5345488262166327,644
838,1.53784107901964,1,3,1,-0.7407060532684205,0,0,-0.8342708328592514,644
839,1.54173434757412,1,1,1,-1.1040441229397915,0,0,-0.5396528291993712,168
840,1.5456276161286,0,3,1,0.11031957865380726,0,0,0.5776714228528822,644
841,1.5495208846830801,0,2,1,0.47356669760117037,0,0,-1.0507710536008197,644
842,1.5534141532375603,1,1,0,-1.0116427737515061,0,0,-0.7412002080663246,168
843,1.5573074217920404,0,3,1,1.058591845741272,0,0,-0.8848931224135542,168
844,1.5612006903465205,0,3,1,-0.05459850721511755,0,0,1.3668681236129276,644
845,1.5650939589010007,0,3,1,0.5133159322175651,0,0,-0.8381279966586469,644
846,1.5689872274554808,0,3,1,-0.05459850721511755,8,2,0.6403906704955152,644
847,1.5728804960099607,0,3,1,-0.05459850721511755,0,0,1.5988822118076869,168
848,1.5767737645644408,0,2,1,-2.181663307656963,0,1,0.5865468430287123,644
849,1.580667033118921,1,1,0,2.130303476142282,1,0,-0.8542341697371912,168
850,1.5845603016734011,0,3,1,-1.7903485093806364,4,2,-0.1497844435478599,644
851,1.5884535702278813,0,3,1,-1.1040441229397915,0,0,0.8167826038771586,644
852,1.5923468387823614,0,3,0,1.2108989353375896,1,1,0.39989200077878556,168
853,1.5962401073368415,1,1,0,-0.9203329512646492,0,1,-0.6612140521952602,644
854,1.6001333758913214,0,2,0,1.2865258599788896,1,0,2.1537880239041813,644
855,1.6040266444458016,1,3,0,1.7334727306284228,0,1,0.42114906336567487,644
856,1.6079199130002817,1,1,0,-0.39185157079407557,1,1,0.09243848990389512,644
857,1.6118131815547618,1,1,1,-0.05459850721511755,0,0,-0.9301739521392551,644
858,1.615706450109242,1,3,0,0.9818916748851382,0,3,-0.23060133269423805,168
859,1.619599718663722,0,3,1,-0.6522676629811134,0,0,-0.4443410229513142,168
860,1.6234929872182022,0,3,1,1.5114101705541982,2,0,0.3971211195789062,644
861,1.6273862557726821,0,2,1,-0.05459850721511755,1,0,1.3668681236129276,644
862,1.6312795243271623,1,1,0,-0.39185157079407557,0,0,-0.31604690593119483,644
863,1.6351727928816424,0,3,0,1.058591845741272,8,2,-0.31604690593119483,644
864,1.6390660614361225,0,2,1,-0.13794354973268363,0,0,-0.2492598486261408,644
865,1.6429593299906027,1,2,0,0.19194030166255904,0,0,1.0599487010582027,644
866,1.6468525985450828,1,2,0,-0.05459850721511755,1,0,-0.6445383092459747,168
867,1.6507458670995627,0,1,1,-2.181663307656963,0,0,-0.47828621786868925,644
868,1.6546391356540429,0,3,1,-0.2219142793787954,0,0,-0.8381279966586469,644
869,1.658532404208523,1,3,1,1.4367728560651947,1,1,1.098679996747035,644
870,1.6624256727630031,0,3,1,0.3536118186163779,0,0,-1.3108509379957383,644
871,1.6663189413174833,1,1,0,1.4367728560651947,1,1,-0.7011793893041736,644
872,1.6702122098719634,0,1,1,-0.05459850721511755,0,0,0.31837625612381887,644
873,1.6741054784264435,0,3,1,-1.1976196167172652,0,0,-0.9307795720141078,644
874,1.6779987469809234,1,2,0,-0.7407060532684205,1,0,-0.6070719382298947,168
875,1.6818920155354036,1,3,0,-0.8300421033817629,0,0,-0.8381279966586469,168
876,1.6857852840898837,0,3,1,-0.05459850721511755,0,0,-0.8381279966586469,644
877,1.6896785526443638,0,3,1,2.0978346345929557,0,0,1.5347014233237541,644
878,1.693571821198844,0,3,1,-0.30653974612032875,0,0,0.39989200077878556,644
879,1.697465089753324,1,1,0,0.3536118186163779,0,1,-0.8381279966586469,168
880,1.7013583583078042,1,2,0,-0.5646757637322461,0,1,-0.5379873760875546,644
881,1.7052516268622842,0,3,1,-0.05459850721511755,0,0,-0.5396528291993712,644
882,1.7091448954167643,0,3,0,-0.30653974612032875,0,0,-0.9563202680800045,644
883,1.7130381639712444,0,2,1,0.8273439786950549,0,0,0.514831059890351,644
884,1.7169314325257246,0,3,1,-0.13794354973268363,0,0,-0.31604690593119483,644
885,1.7208247010802047,0,3,0,-0.8300421033817629,0,5,0.5446759392046872,77
886,1.7247179696346848,0,2,1,-0.05459850721511755,0,0,0.2946986701020147,644
887,1.728611238189165,1,1,0,-0.2219142793787954,0,0,0.5446759392046872,644
888,1.7325045067436449,0,3,0,0.2730310992054048,1,2,-0.8575978201076603,644
889,,1,1,1,,0,0,,168
890,,0,3,1,,0,0,,77
